{
    "DS": 0.4992955762186531,
    "PS": 0.27271490922824543,
    "C-FID": 0.2946622372194434,
    "MDD": 0.8338655233383179,
    "ACD": 0.5516265765251142,
    "SD": 0.49636729966018184,
    "KD": 0.9966960497363349,
    "ED": 0.9598541873284638,
    "DTW": 6.000847600182472
}