{
    "DS": 0.49985835694050995,
    "PS": 0.2629963105853502,
    "C-FID": 0.21481311841478767,
    "MDD": 0.45078739523887634,
    "ACD": 0.5466977647611021,
    "SD": 0.29096662147713026,
    "KD": 1.0004001701152287,
    "ED": 2.34606877491692,
    "DTW": 13.893899109631997
}