{
    "DS": 0.2655538694992413,
    "PS": 0.048437438735287455,
    "C-FID": 0.13864031021051376,
    "MDD": 0.522359311580658,
    "ACD": 0.2548500309462966,
    "SD": 0.40228982422590825,
    "KD": 2.9418172584659934,
    "ED": 1.1584234290076996,
    "DTW": 2.9983284053184653
}