{
    "DS": 0.24609084139985105,
    "PS": 0.056331841172997964,
    "C-FID": 0.06503408490458869,
    "MDD": 0.5115352869033813,
    "ACD": 0.07058997872295508,
    "SD": 0.16293088975185888,
    "KD": 0.24741415210299442,
    "ED": 2.7034993857006606,
    "DTW": 8.538360903294116
}