{
    "DS": 0.4336973478939158,
    "PS": 0.200029064682305,
    "C-FID": 0.22339024499470525,
    "MDD": 0.6661284565925598,
    "ACD": 0.5219955112037766,
    "SD": 0.37130412203856106,
    "KD": 2.9230309055475456,
    "ED": 3.246102211363577,
    "DTW": 8.30524997668552
}