{
  "DS": 0.17720019945150833,
  "PS": 0.0005561356739911507,
  "C-FID": 0.0009277442205449365,
  "MDD": 1.1741745471954346,
  "ACD": 1.8504630210607673,
  "SD": 73.02004648851295,
  "KD": 8816.76608798812,
  "ED": 0.050378033242792,
  "DTW": 0.2563765151927881
}