{
    "DS": 0.5,
    "PS": 0.18922722568617995,
    "C-FID": 16.46935356598818,
    "MDD": 58020.7890625,
    "ACD": 7.493160196742785,
    "SD": 1.8164801889364315,
    "KD": 6.31268970589625,
    "ED": 7.019643076431652,
    "DTW": 20.356089054365825
}