{
    "DS": 0.05956813104988834,
    "PS": 0.04940670528912253,
    "C-FID": 0.011909480275500296,
    "MDD": 0.291925847530365,
    "ACD": 0.03816615357604403,
    "SD": 0.11832496443128332,
    "KD": 0.24278682331285964,
    "ED": 2.833876067984318,
    "DTW": 9.034390514696069
}