{
    "DS": 0.49901352874859073,
    "PS": 0.31128923469776787,
    "C-FID": 0.26827683035986516,
    "MDD": 0.45434442162513733,
    "ACD": 0.4732279567126701,
    "SD": 0.22545222513264765,
    "KD": 0.8650747589560864,
    "ED": 1.0584638269081752,
    "DTW": 6.533247690180932
}