{
    "DS": 0.5,
    "PS": 0.29157578487593777,
    "C-FID": 1.6696985764892842,
    "MDD": 0.6523447036743164,
    "ACD": 1.827609040272671,
    "SD": 0.29714504593625224,
    "KD": 1.1736215091684792,
    "ED": 2.5379408402249055,
    "DTW": 14.984824465394826
}