{
    "DS": 0.0007800312012480326,
    "PS": 0.0373705643443044,
    "C-FID": 0.0043990239492777,
    "MDD": 0.4049559235572815,
    "ACD": 0.1119571073309991,
    "SD": 0.1756802627580352,
    "KD": 0.8243984369631793,
    "ED": 2.779362561403151,
    "DTW": 7.0929784326391525
}