{
    "DS": 0.5,
    "PS": 0.6297339789378743,
    "C-FID": 258396367661.43234,
    "MDD": 7.517625331878662,
    "ACD": 3.069357049665126,
    "SD": 73.69389580044754,
    "KD": 8943.57837555259,
    "ED": 524750.2662200556,
    "DTW": 2057167.3990612496
}