{
    "DS": 0.404566890047158,
    "PS": [
        0.3021530133546374,
        0.24991050793694233,
        0.26968377785349906
    ],
    "C-FID": 58501775000258.93,
    "MDD": 1.0154248476028442,
    "ACD": 7.84936508026806,
    "SD": 0.3333262672641821,
    "KD": 1.8798081143928718,
    "ED": 14556070.431629794,
    "DTW": 42165170.40625554
}