{
  "DS": 0.031397369074211944,
  "PS": 0.05486928168678396,
  "C-FID": 0.0104284277823896,
  "MDD": 0.2922786772251129,
  "ACD": 0.040239464545005786,
  "SD": 0.11813370114415231,
  "KD": 0.24303116938487965,
  "ED": 2.8071647337089707,
  "DTW": 8.953244476755408
}