{
    "DS": 0.25949367088607594,
    "PS": [
        0.06913435413753975,
        0.06514643647762879,
        0.06334071663876822
    ],
    "C-FID": 0.050033595623916044,
    "MDD": 0.5206604599952698,
    "ACD": 0.306908704400894,
    "SD": 0.2605289851444871,
    "KD": 0.37732035334415626,
    "ED": 2.671804163857622,
    "DTW": 8.422409791837165
}