{
    "DS": 0.1243484735666418,
    "PS": 0.06611307123060053,
    "C-FID": 0.04560189317659475,
    "MDD": 0.5174501538276672,
    "ACD": 0.3080166926155928,
    "SD": 0.26174316897845856,
    "KD": 0.3765600236199329,
    "ED": 2.692302643638597,
    "DTW": 8.48420175178721
}