{
  "DS": 0.3244949494949495,
  "PS": 0.0857454037660777,
  "C-FID": 0.26613308784531137,
  "MDD": 0.6293894052505493,
  "ACD": 0.24659003934987908,
  "SD": 0.5824185454958718,
  "KD": 2.5776679439913086,
  "ED": 1.3076213744744636,
  "DTW": 3.3757021121546034
}