{
    "DS": 0.14447592067988668,
    "PS": 0.2488610895183001,
    "C-FID": 0.004271202003029601,
    "MDD": 0.19837726652622223,
    "ACD": 0.1069994195305345,
    "SD": 0.03563175995380821,
    "KD": 0.13469513651175527,
    "ED": 2.546032070969971,
    "DTW": 14.670619621711001
}