{
    "DS": 0.26573062922516905,
    "PS": 0.048196920515660095,
    "C-FID": 0.051798080474993395,
    "MDD": 0.5943768620491028,
    "ACD": 0.2749094760988966,
    "SD": 0.19342921446097575,
    "KD": 1.562584061151279,
    "ED": 2.401824229178821,
    "DTW": 6.159828153495177
}