{
  "DS": 0.1307653951633009,
  "PS": 0.0005696622238467386,
  "C-FID": 0.00019795902742370346,
  "MDD": 5.517389297485352,
  "ACD": 0.19081638992754585,
  "SD": 60.89153428164409,
  "KD": 20904.583293048807,
  "ED": 0.045809380497501245,
  "DTW": 0.2455920507956626
}