{
    "DS": 0.16182675601886323,
    "PS": [
        0.12758269287120952,
        0.14294786538519633,
        0.11977322053254642
    ],
    "C-FID": 0.09662749545009242,
    "MDD": 0.7699641585350037,
    "ACD": 0.1279463521591823,
    "SD": 0.19732370762873674,
    "KD": 0.497501549408115,
    "ED": 2.8679811475837114,
    "DTW": 9.101661780752996
}