{
    "DS": 0.013775130305286673,
    "PS": [
        0.0642118822206504,
        0.05477964933517839,
        0.05218869771850022
    ],
    "C-FID": -2.4277633939653875e-13,
    "MDD": 0.00026373061700724065,
    "ACD": 0.0,
    "SD": 0.0,
    "KD": 0.0,
    "ED": 0.0,
    "DTW": 0.0
}