{
    "DS": 0.24284971398855956,
    "PS": [
        0.04470542254220998,
        0.03862909042994221,
        0.03811720252824253
    ],
    "C-FID": 0.05919470480677388,
    "MDD": 0.8646014332771301,
    "ACD": 0.14497738729027515,
    "SD": 0.2727580267499463,
    "KD": 2.3546745030195746,
    "ED": 2.6438728121219013,
    "DTW": 6.6709095896656345
}