{
    "DS": 0.5,
    "PS": 0.4018351271409733,
    "C-FID": 1410484654002.5615,
    "MDD": 1.0143502950668335,
    "ACD": 6.084711780311111,
    "SD": 0.8262371119868505,
    "KD": 1.6426477138213422,
    "ED": 1417871.0244692364,
    "DTW": 8334382.671492915
}