{
    "DS": 0.5,
    "PS": 0.25198230852023984,
    "C-FID": 0.45634236113293236,
    "MDD": 0.6144622564315796,
    "ACD": 0.7012909511764036,
    "SD": 0.41747533913067236,
    "KD": 1.2136793576798681,
    "ED": 2.451943016376044,
    "DTW": 14.490414036639676
}