{
    "DS": 0.08863636363636367,
    "PS": [
        0.03774984894265926,
        0.03834897145430168,
        0.03838781145747656
    ],
    "C-FID": 0.02032015228571563,
    "MDD": 0.44312649965286255,
    "ACD": 0.17477162093553136,
    "SD": 0.4728567585103541,
    "KD": 2.3708550068861816,
    "ED": 1.1806378107940314,
    "DTW": 3.045907813431947
}