{
    "DS": 0.5,
    "PS": 0.07010115643328373,
    "C-FID": 6.616195342438252,
    "MDD": 1.2498666048049927,
    "ACD": 7.399600214714854,
    "SD": 1.4114390335226137,
    "KD": 2.743261518099747,
    "ED": 7.806718006071638,
    "DTW": 19.554507754654235
}