{
    "DS": 0.20017374038222888,
    "PS": [
        0.1261938320472288,
        0.1049500611871159,
        0.12505604652576688
    ],
    "C-FID": 0.10461212230324352,
    "MDD": 0.7699641585350037,
    "ACD": 0.1279463521591823,
    "SD": 0.19732370762873674,
    "KD": 0.497501549408115,
    "ED": 2.8679811475837114,
    "DTW": 9.101661780752996
}