{
    "DS": 0.5,
    "PS": 0.34352165655012895,
    "C-FID": 189892703206.54962,
    "MDD": 50.82114028930664,
    "ACD": 6.06684155922614,
    "SD": 1.1151730290398907,
    "KD": 3.4246347506651134,
    "ED": 438752.403659397,
    "DTW": 2670693.536827133
}