{
    "DS": 0.010101010101010091,
    "PS": 0.03772025552787495,
    "C-FID": -1.6737429223261564e-12,
    "MDD": 0.00031746967579238117,
    "ACD": 0.0,
    "SD": 0.0,
    "KD": 0.0,
    "ED": 0.0,
    "DTW": 0.0
}