{
    "DS": 0.49976519207288445,
    "PS": [
        0.32557450523038606,
        0.32135776748624456,
        0.32821842714907007
    ],
    "C-FID": 0.16156414041450726,
    "MDD": 0.3881359100341797,
    "ACD": 0.26652055728431384,
    "SD": 0.20653801595163965,
    "KD": 0.8394588949622696,
    "ED": 0.9497750731883243,
    "DTW": 5.976561585458509
}