{
    "DS": 0.18486661680378957,
    "PS": [
        0.0007207790085307658,
        0.0008721560638726135,
        0.0005708068629474475
    ],
    "C-FID": 0.0010001845213698172,
    "MDD": 1.1741745471954346,
    "ACD": 1.8504630210607673,
    "SD": 73.02004648851295,
    "KD": 8816.76608798812,
    "ED": 0.050378033242792,
    "DTW": 0.2563765151927881
}