{
    "DS": 0.049862877088008,
    "PS": 0.050025174302703625,
    "C-FID": 0.011320056888166924,
    "MDD": 0.15182049572467804,
    "ACD": 0.37265828828907727,
    "SD": 0.09795650838601858,
    "KD": 0.06648610292662295,
    "ED": 2.5125174006637785,
    "DTW": 9.292115589545006
}