{
    "DS": 0.5,
    "PS": 0.29871514793956094,
    "C-FID": 4795988312.204664,
    "MDD": 1.0102392435073853,
    "ACD": 5.069929560572307,
    "SD": 0.9827846320174896,
    "KD": 1.4866531879676494,
    "ED": 25841.392237132088,
    "DTW": 152661.8637127277
}