{
    "DS": 0.5,
    "PS": 0.016592307497702567,
    "C-FID": 9.540175200966349,
    "MDD": 0.7405571937561035,
    "ACD": 1.2275206882302159,
    "SD": 1.5723203112011828,
    "KD": 19.027155542382918,
    "ED": 2.259555259620982,
    "DTW": 6.311038625844516
}