{
    "DS": 0.15000000000000002,
    "PS": 0.03757569768067985,
    "C-FID": 0.0902719812983094,
    "MDD": 0.7936407327651978,
    "ACD": 0.03364913560625271,
    "SD": 0.5334375258173506,
    "KD": 2.6299610351839324,
    "ED": 1.072507305235553,
    "DTW": 2.773606518674206
}