{
    "DS": 0.5,
    "PS": 0.0020900276532116145,
    "C-FID": 7.676271137039483,
    "MDD": 0.4412536323070526,
    "ACD": 1.186705471891882,
    "SD": 9.144772560809036,
    "KD": 543.8579754562845,
    "ED": 1.3911654774513862,
    "DTW": 6.101494906745768
}