{
    "DS": 0.22490899635985437,
    "PS": [
        0.041969042473330415,
        0.03781479085288997,
        0.03932433926210124
    ],
    "C-FID": 0.05415778895663851,
    "MDD": 0.8646014332771301,
    "ACD": 0.14497738729027515,
    "SD": 0.2727580267499463,
    "KD": 2.3546745030195746,
    "ED": 2.6438728121219013,
    "DTW": 6.6709095896656345
}