{
    "DS": 0.43573921715282965,
    "PS": [
        0.002257915511351731,
        0.002239663128546712,
        0.0022532379197878235
    ],
    "C-FID": 0.0016331047938594162,
    "MDD": 7.042817115783691,
    "ACD": 1.2964258440979857,
    "SD": 73.0955453497189,
    "KD": 8816.731430540469,
    "ED": 0.10718382002421248,
    "DTW": 0.4367884342115574
}