{
  "DS": 0.11003099464637926,
  "PS": 0.25083071930359896,
  "C-FID": 0.010326848716874143,
  "MDD": 0.22421368956565857,
  "ACD": 0.06333470290387416,
  "SD": 0.10603767301901593,
  "KD": 0.4214380021865353,
  "ED": 1.0112208638186186,
  "DTW": 6.283201758554954
}