{
    "DS": 0.36271450858034326,
    "PS": 0.04125668231045615,
    "C-FID": 0.050286990148746,
    "MDD": 0.8702741265296936,
    "ACD": 0.143189643264248,
    "SD": 0.2628774961565569,
    "KD": 2.3410350138103566,
    "ED": 2.646001903479525,
    "DTW": 6.67951873738122
}