{
    "DS": 0.49664778092540135,
    "PS": 0.29706494296924824,
    "C-FID": 0.5240003748673872,
    "MDD": 0.4736575484275818,
    "ACD": 1.0451248980299808,
    "SD": 0.39546409655482645,
    "KD": 1.2174698091910587,
    "ED": 2.337379200226673,
    "DTW": 13.687370109462563
}