{
  "DS": 0.4820137127829436,
  "PS": 0.2870315504269723,
  "C-FID": 0.1350685037087437,
  "MDD": 0.3818322420120239,
  "ACD": 0.4526204570215146,
  "SD": 0.265037638071571,
  "KD": 1.0128764673664434,
  "ED": 1.057807127322014,
  "DTW": 6.458927470325522
}