{
    "DS": 0.5,
    "PS": 0.2773912731734599,
    "C-FID": 76404490374300.2,
    "MDD": 1.014438509941101,
    "ACD": 7.956826501786551,
    "SD": 0.8080345589726466,
    "KD": 1.8029763425701055,
    "ED": 8296675.674010405,
    "DTW": 51043694.961289465
}