{
    "DS": 0.009915014164305938,
    "PS": 0.2477427910489832,
    "C-FID": -3.289794651972766e-15,
    "MDD": 0.07108090817928314,
    "ACD": 0.0,
    "SD": 0.0,
    "KD": 0.0,
    "ED": 0.0,
    "DTW": 0.0
}