{
    "DS": 0.4998591152437306,
    "PS": 0.3268963061558463,
    "C-FID": 0.1473801090543386,
    "MDD": 0.389957994222641,
    "ACD": 0.2661620103698309,
    "SD": 0.2043396231566135,
    "KD": 0.8369560906467279,
    "ED": 0.9502725846577618,
    "DTW": 5.980853732515571
}