{
    "DS": 0.3151515151515152,
    "PS": 0.08501157053000734,
    "C-FID": 0.2582186404826347,
    "MDD": 0.627615213394165,
    "ACD": 0.24782216180059805,
    "SD": 0.5924176072380511,
    "KD": 2.5177552573486275,
    "ED": 1.3077175107218666,
    "DTW": 3.375031105747771
}