{
    "DS": 0.32290891039960284,
    "PS": 0.06014584239981514,
    "C-FID": 0.044592628757795495,
    "MDD": 0.4595504403114319,
    "ACD": 0.1069140376186554,
    "SD": 0.07232707093820082,
    "KD": 0.1517603201859718,
    "ED": 2.747646746079714,
    "DTW": 8.741546361043811
}