{
    "DS": 0.48907956318252727,
    "PS": [
        0.8053722731738212,
        0.5009893543644945,
        0.7763805901202611
    ],
    "C-FID": 240373299034.5327,
    "MDD": 1.0204046964645386,
    "ACD": 7.7526539612742384,
    "SD": 1.2685233340600088,
    "KD": 3.0319210693994605,
    "ED": 1057488.3517673796,
    "DTW": 2698514.171802258
}