{
    "DS": 0.47505584512285925,
    "PS": 0.10347325443749676,
    "C-FID": 0.22829495928096008,
    "MDD": 1.1335805654525757,
    "ACD": 0.10957464617890675,
    "SD": 0.7516213985996855,
    "KD": 1.0085534637809621,
    "ED": 2.9075058178112703,
    "DTW": 9.274598560985993
}