{
    "DS": 0.011219147344801783,
    "PS": 0.000889596404678519,
    "C-FID": 0.0008908389496231585,
    "MDD": 2.2172162532806396,
    "ACD": 1.8646802622425986,
    "SD": 73.47760625010366,
    "KD": 8942.861949345228,
    "ED": 0.05024081916696447,
    "DTW": 0.2555321586720973
}