{
    "DS": 0.5,
    "PS": 0.28283076288430015,
    "C-FID": 0.17801521425457778,
    "MDD": 0.4095323383808136,
    "ACD": 0.39154015694274885,
    "SD": 0.24032571272869982,
    "KD": 0.9248520272824362,
    "ED": 0.9610865184522399,
    "DTW": 6.019364784352504
}