{
    "DS": 0.01667136282520898,
    "PS": 0.25039635118226405,
    "C-FID": -2.419939248987646e-15,
    "MDD": 0.060657188296318054,
    "ACD": 0.0,
    "SD": 0.0,
    "KD": 0.0,
    "ED": 0.0,
    "DTW": 0.0
}