{
    "DS": 0.49948342256034567,
    "PS": 0.3642240447119854,
    "C-FID": 0.4909980452204639,
    "MDD": 0.5113593339920044,
    "ACD": 0.7722336753973087,
    "SD": 0.3707370244971137,
    "KD": 1.0580682387767968,
    "ED": 1.0125710947775415,
    "DTW": 6.31423973177695
}