{
  "DS": 0.5,
  "PS": 0.25210777104030185,
  "C-FID": 0.5234006431926164,
  "MDD": 0.6704753637313843,
  "ACD": 0.7010267389895171,
  "SD": 0.41791127548551626,
  "KD": 1.215788042611668,
  "ED": 2.4492620458883763,
  "DTW": 14.475102272907836
}