{
    "DS": 0.1643939393939394,
    "PS": 0.0385868946429565,
    "C-FID": 0.5434938297250722,
    "MDD": 0.5847306847572327,
    "ACD": 0.13513469967081745,
    "SD": 0.33528447452806726,
    "KD": 2.634137198917564,
    "ED": 0.9669118238650839,
    "DTW": 2.49903660102634
}