{
    "DS": 0.20269259536275241,
    "PS": 0.0005627918611650827,
    "C-FID": 0.00019541210644987567,
    "MDD": 7.928879737854004,
    "ACD": 0.18295135872687565,
    "SD": 60.55015065319496,
    "KD": 20819.66754945942,
    "ED": 0.045603682453506746,
    "DTW": 0.24415148803446174
}