{
    "DS": 0.031397369074211944,
    "PS": [
        0.05748325683511966,
        0.057745764029836485,
        0.04937882419539575
    ],
    "C-FID": 0.0104284277823896,
    "MDD": 0.2922786772251129,
    "ACD": 0.040239464545005786,
    "SD": 0.11813370114415231,
    "KD": 0.24303116938487965,
    "ED": 2.8071647337089707,
    "DTW": 8.953244476755408
}