{
    "DS": 0.3980642115203022,
    "PS": [
        0.31334626661457926,
        0.3195790338169479,
        0.3166685332141222
    ],
    "C-FID": 0.5474930231537372,
    "MDD": 0.7415993809700012,
    "ACD": 2.3322392166212884,
    "SD": 0.5492226835906668,
    "KD": 0.9197868605028015,
    "ED": 2.606969441388586,
    "DTW": 14.698924478404134
}