{
    "DS": 0.011593118922961868,
    "PS": 0.049265816388022965,
    "C-FID": 4.337459211245509e-15,
    "MDD": 0.005794677417725325,
    "ACD": 0.0,
    "SD": 0.0,
    "KD": 0.0,
    "ED": 0.0,
    "DTW": 0.0
}