{
    "DS": 0.5,
    "PS": 0.19607149776407018,
    "C-FID": 269995443283680.5,
    "MDD": 1.0004843473434448,
    "ACD": 7.618056317584821,
    "SD": 0.6403933340720596,
    "KD": 1.9622764779087458,
    "ED": 22853556.692227356,
    "DTW": 93878163.22606194
}