{
    "DS": 0.2712121212121212,
    "PS": 0.04208345880745864,
    "C-FID": 0.08612997599576784,
    "MDD": 0.6006890535354614,
    "ACD": 0.15114792577695743,
    "SD": 0.3003315289485867,
    "KD": 2.0075879787194966,
    "ED": 1.158163119301498,
    "DTW": 2.9852498596047328
}