{
    "DS": 0.49843993759750393,
    "PS": 0.3781095905804582,
    "C-FID": 335100894172.0007,
    "MDD": 1.0202349424362183,
    "ACD": 7.754373444519686,
    "SD": 1.2586428034666193,
    "KD": 3.018281580190244,
    "ED": 1057488.3516727514,
    "DTW": 2698514.172629939
}