{
    "DS": 0.010140405616224665,
    "PS": 0.036687208427515744,
    "C-FID": -2.119295497918459e-12,
    "MDD": 0.0002821408270392567,
    "ACD": 0.0,
    "SD": 0.0,
    "KD": 0.0,
    "ED": 0.0,
    "DTW": 0.0
}