{
    "DS": 0.5,
    "PS": [
        0.270190683994688,
        0.287220468028062,
        0.2821115075203024
    ],
    "C-FID": 119258654672.6927,
    "MDD": 1.009141445159912,
    "ACD": 4.521532890039582,
    "SD": 1.3974393886280485,
    "KD": 1.7323476443440347,
    "ED": 86445.44021955044,
    "DTW": 570004.3687172843
}