{
    "DS": 0.49831712789827975,
    "PS": 0.29941595827236517,
    "C-FID": 49261985783.27798,
    "MDD": 102.27758026123047,
    "ACD": 2.5365205536705937,
    "SD": 73.43442239881155,
    "KD": 8867.40867365713,
    "ED": 374271.88854154095,
    "DTW": 1467547.7556770246
}