{
    "DS": 0.23116147308781873,
    "PS": [
        0.2509599273150328,
        0.25045747288986564,
        0.2508694067231566
    ],
    "C-FID": 0.0038939697631096147,
    "MDD": 0.19860310852527618,
    "ACD": 0.11123753772319979,
    "SD": 0.0375658443113726,
    "KD": 0.1357535860100634,
    "ED": 2.543109995890158,
    "DTW": 14.655800961865623
}