{
    "DS": 0.5,
    "PS": [
        0.2523215960009431,
        0.2523945004609654,
        0.2516072166589971
    ],
    "C-FID": 0.5234006431926164,
    "MDD": 0.6146024465560913,
    "ACD": 0.7010267389895171,
    "SD": 0.41791127548551626,
    "KD": 1.215788042611668,
    "ED": 2.4492620458883763,
    "DTW": 14.475102272907836
}