{
    "DS": 0.010140405616224665,
    "PS": [
        0.036370470949684944,
        0.036466746335850835,
        0.03722440799701147
    ],
    "C-FID": -2.119295497918459e-12,
    "MDD": 0.0002821408270392567,
    "ACD": 0.0,
    "SD": 0.0,
    "KD": 0.0,
    "ED": 0.0,
    "DTW": 0.0
}