{
    "DS": 0.3120124804992199,
    "PS": 0.07225215306469285,
    "C-FID": 0.17766475382216307,
    "MDD": 0.747522234916687,
    "ACD": 0.4867081932028265,
    "SD": 0.5227322549485179,
    "KD": 2.953833483663102,
    "ED": 2.561867959202168,
    "DTW": 6.510620136039306
}