{
    "DS": 0.0,
    "PS": 0.05160691949603858,
    "C-FID": 1.4314626368183629e+17,
    "MDD": 1.0034756660461426,
    "ACD": 4.518804780270737,
    "SD": 1.4774410048057771,
    "KD": 3.1532126538558907,
    "ED": 159004979.54518512,
    "DTW": 564876922.2305944
}