{
    "DS": 0.4571854058078928,
    "PS": 0.18068547488169454,
    "C-FID": 153996582087423.22,
    "MDD": 43.34237289428711,
    "ACD": 7.887196417382009,
    "SD": 0.5371170664597447,
    "KD": 0.6746912032235471,
    "ED": 24143902.00498386,
    "DTW": 70297956.97137192
}