{
    "DS": 0.5,
    "PS": 0.5242349695002897,
    "C-FID": 2.139236336266649,
    "MDD": 1.9297559261322021,
    "ACD": 2.051426661846904,
    "SD": 18.632447277729806,
    "KD": 1563.2185840329853,
    "ED": 4.223615020133169,
    "DTW": 17.526795166017283
}