{
    "DS": 0.5,
    "PS": 0.7333969253324341,
    "C-FID": 2.7802579293369856e+16,
    "MDD": 56857.9765625,
    "ACD": 3.8221440163647835,
    "SD": 2.254254801776431,
    "KD": 3.5285725183111194,
    "ED": 55192830.17659528,
    "DTW": 183298482.59489453
}