{
    "DS": 0.418661181750187,
    "PS": 0.0642207862535184,
    "C-FID": 0.1842959675620922,
    "MDD": 0.41511479020118713,
    "ACD": 0.9584456452294933,
    "SD": 0.5569685749462241,
    "KD": 1.6210885111675961,
    "ED": 2.263960361799852,
    "DTW": 8.506626055157557
}