{
    "DS": 0.5,
    "PS": 0.324245219586569,
    "C-FID": 209634595212.52124,
    "MDD": 1.0144144296646118,
    "ACD": 8.100302116258991,
    "SD": 0.8886362165034001,
    "KD": 1.8261772407217083,
    "ED": 444606.6109568298,
    "DTW": 2666342.1011617472
}