{
    "DS": 0.4790575916230367,
    "PS": 0.0821349703153837,
    "C-FID": 0.19815197703951873,
    "MDD": 0.4357522130012512,
    "ACD": 1.2856411849008513,
    "SD": 0.4200124348427977,
    "KD": 0.5340433789923689,
    "ED": 2.5425869026586314,
    "DTW": 9.685009976352147
}