{
    "DS": 0.5,
    "PS": [
        0.7092085188321205,
        0.8816875585361109,
        0.6783910487257562
    ],
    "C-FID": 282711109497.41595,
    "MDD": 5.342604160308838,
    "ACD": 3.058556091323812,
    "SD": 73.2363360388568,
    "KD": 8817.482514195484,
    "ED": 524750.2662383149,
    "DTW": 2057167.3991182656
}