{
    "DS": 0.47529820606743683,
    "PS": [
        0.29128870649460376,
        0.28970906588350803,
        0.28533489025126196
    ],
    "C-FID": 0.13857505384100618,
    "MDD": 0.3818322420120239,
    "ACD": 0.4526204570215146,
    "SD": 0.265037638071571,
    "KD": 1.0128764673664434,
    "ED": 1.057807127322014,
    "DTW": 6.458927470325522
}