{
    "DS": 0.5,
    "PS": [
        0.36034186749144614,
        0.49227475526065917,
        0.29145991789657605
    ],
    "C-FID": 1568780139909.37,
    "MDD": 1.0144922733306885,
    "ACD": 6.08185385626466,
    "SD": 0.8272529243750821,
    "KD": 1.6436673192379838,
    "ED": 1417871.0246123865,
    "DTW": 8334382.672332927
}