{
    "DS": 0.011616161616161616,
    "PS": [
        0.03832553986339465,
        0.03776744650711113,
        0.03716450150085089
    ],
    "C-FID": -3.1189035367672666e-12,
    "MDD": 0.00031746967579238117,
    "ACD": 0.0,
    "SD": 0.0,
    "KD": 0.0,
    "ED": 0.0,
    "DTW": 0.0
}