{
    "DS": 0.21559461480927453,
    "PS": 0.06530514819870374,
    "C-FID": 0.5542046784406464,
    "MDD": 0.29980331659317017,
    "ACD": 1.0704628130075888,
    "SD": 0.3161715998256844,
    "KD": 0.7325448682736669,
    "ED": 2.480059941502512,
    "DTW": 9.36660632340452
}