{
    "DS": 0.116530156366344,
    "PS": 0.13336302678208792,
    "C-FID": 0.10510056556076282,
    "MDD": 0.7660385370254517,
    "ACD": 0.1272323043260237,
    "SD": 0.19428115908396593,
    "KD": 0.4966041663287819,
    "ED": 2.8577870856708207,
    "DTW": 9.064095066407955
}