{
    "DS": 0.5,
    "PS": [
        0.31751995035108743,
        0.31113825033362646,
        0.3070151050771123
    ],
    "C-FID": 0.6266680214147854,
    "MDD": 0.7415993809700012,
    "ACD": 2.3322392166212884,
    "SD": 0.5492226835906668,
    "KD": 0.9197868605028015,
    "ED": 2.606969441388586,
    "DTW": 14.698924478404134
}