{
    "DS": 0.5,
    "PS": [
        0.1785623960138157,
        0.1331040747979438,
        0.09633320373713114
    ],
    "C-FID": 1.7290539115862432e+17,
    "MDD": 1.0026345252990723,
    "ACD": 4.518185160633963,
    "SD": 1.4878152492969097,
    "KD": 3.213125340498572,
    "ED": 159004979.5469466,
    "DTW": 564876922.2371901
}