{
    "DS": 0.3692147685907436,
    "PS": 0.06061635985090228,
    "C-FID": 2.4674645645287696,
    "MDD": 1.3908143043518066,
    "ACD": 1.4258980023449117,
    "SD": 1.0132855125814195,
    "KD": 4.275921729756406,
    "ED": 4.071377254456419,
    "DTW": 10.470054294663438
}