{
    "DS": 0.11287878787878791,
    "PS": 0.038128640073777365,
    "C-FID": 0.019055272810605147,
    "MDD": 0.4346703588962555,
    "ACD": 0.1718911936984422,
    "SD": 0.48285582025253354,
    "KD": 2.35181797023629,
    "ED": 1.1891090331313674,
    "DTW": 3.0680793916563536
}