{
    "DS": 0.1186249647788109,
    "PS": 0.2514167292376983,
    "C-FID": 0.00984601030085894,
    "MDD": 0.22721773386001587,
    "ACD": 0.0629797076102956,
    "SD": 0.10836609991421968,
    "KD": 0.42696381913454184,
    "ED": 1.0124617810612075,
    "DTW": 6.289462457164873
}