{
    "DS": 0.016477809254013227,
    "PS": 0.2484583569802555,
    "C-FID": 0.00013363734006801076,
    "MDD": 0.08606023341417313,
    "ACD": 0.004639242507703097,
    "SD": 0.004499678542101119,
    "KD": 0.007488410440114176,
    "ED": 2.54850670948896,
    "DTW": 14.64001194800389
}