{
  "DS": 0.09343434343434343,
  "PS": 0.037907061826802056,
  "C-FID": 0.020134791662090045,
  "MDD": 0.44312649965286255,
  "ACD": 0.17477162093553136,
  "SD": 0.4728567585103541,
  "KD": 2.3708550068861816,
  "ED": 1.1806378107940314,
  "DTW": 3.045907813431947
}