{
    "DS": 0.5,
    "PS": 0.6918151899226613,
    "C-FID": 6766420152.687069,
    "MDD": 50.7336540222168,
    "ACD": 4.521983159992095,
    "SD": 2.053786846600702,
    "KD": 3.8711232397822855,
    "ED": 50720.64725751448,
    "DTW": 297701.6863992055
}