{
    "DS": 0.3537878787878788,
    "PS": 0.5431188432733943,
    "C-FID": 3.136494374863288e+17,
    "MDD": 1.0030932426452637,
    "ACD": 2.9081396675823767,
    "SD": 1.346878969162277,
    "KD": 4.078086684624849,
    "ED": 205953851.1653885,
    "DTW": 635855661.1712198
}