{
    "DS": 0.49569932685115936,
    "PS": 0.05882096494154263,
    "C-FID": 0.0823547978700036,
    "MDD": 0.3040841817855835,
    "ACD": 0.9569600403343106,
    "SD": 0.2708766618237471,
    "KD": 0.5847185232710854,
    "ED": 2.3438485776901286,
    "DTW": 8.88388649593893
}