{
    "DS": 0.01667136282520898,
    "PS": [
        0.2503839765556766,
        0.25032224188849506,
        0.25048283510262054
    ],
    "C-FID": -2.419939248987646e-15,
    "MDD": 0.060657188296318054,
    "ACD": 0.0,
    "SD": 0.0,
    "KD": 0.0,
    "ED": 0.0,
    "DTW": 0.0
}