{
  "DS": 0.29771190847633905,
  "PS": 0.07134670748633624,
  "C-FID": 0.18485062494636875,
  "MDD": 0.7471365332603455,
  "ACD": 0.48982205464245276,
  "SD": 0.5326127855419073,
  "KD": 2.882850256104309,
  "ED": 2.4811903497829833,
  "DTW": 6.296993882425364
}