{
    "DS": 0.4997517994539588,
    "PS": 0.2870671955278649,
    "C-FID": 757805488730888.5,
    "MDD": 1.0128185749053955,
    "ACD": 9.318710372423176,
    "SD": 0.8153564814367527,
    "KD": 0.9093576653729746,
    "ED": 43428497.73481434,
    "DTW": 132055482.46493873
}