{
    "DS": 0.5,
    "PS": 0.44555031810679524,
    "C-FID": 90893933139.45403,
    "MDD": 1.0102674961090088,
    "ACD": 4.52254406037343,
    "SD": 1.396577499547499,
    "KD": 1.7322930522580722,
    "ED": 86445.44003141926,
    "DTW": 570004.3685195722
}