{
    "DS": 0.11934477379095165,
    "PS": [
        0.037453553434857845,
        0.03792210119100106,
        0.03810404663671885
    ],
    "C-FID": 0.005479856870519572,
    "MDD": 0.4049679934978485,
    "ACD": 0.11302729671673721,
    "SD": 0.1657997321646458,
    "KD": 0.8107589477539617,
    "ED": 2.6789028789557734,
    "DTW": 6.8316890757127515
}