{
    "DS": 0.10015174506828528,
    "PS": 0.040902040253196936,
    "C-FID": 0.04834604901598509,
    "MDD": 0.6184974908828735,
    "ACD": 0.1493829537361141,
    "SD": 0.42812149848330144,
    "KD": 2.1907430312380565,
    "ED": 1.1920566262018808,
    "DTW": 3.0764925388074613
}