{
    "DS": 0.4959046909903202,
    "PS": 0.374938982732884,
    "C-FID": 100174360900797.28,
    "MDD": 1.013872742652893,
    "ACD": 7.850430447454953,
    "SD": 0.33041890407435265,
    "KD": 1.8807054974722046,
    "ED": 14556070.433452636,
    "DTW": 42165170.40995747
}