{
    "DS": 0.4803664921465969,
    "PS": 0.002254195017627598,
    "C-FID": 0.0015165849995419129,
    "MDD": 9.07420539855957,
    "ACD": 1.2819661150660802,
    "SD": 73.55310511130963,
    "KD": 8942.827291897574,
    "ED": 0.10695787360485298,
    "DTW": 0.4355721191313121
}