{
    "DS": 0.42330603127326877,
    "PS": 0.08881333256682948,
    "C-FID": 0.11918685850376197,
    "MDD": 0.65456223487854,
    "ACD": 1.1006375674891795,
    "SD": 0.4202145451443959,
    "KD": 0.7509177261142124,
    "ED": 2.7322755610492706,
    "DTW": 8.481417920537327
}