{
    "DS": 0.4725274725274725,
    "PS": 0.2850594382652,
    "C-FID": 0.15453207768059443,
    "MDD": 0.38226592540740967,
    "ACD": 0.4519974037001129,
    "SD": 0.2630642430114817,
    "KD": 1.0078652816679643,
    "ED": 1.057500031625082,
    "DTW": 6.4588572938827635
}