{
    "DS": 0.5,
    "PS": 0.30973304131632734,
    "C-FID": 0.6350297609915653,
    "MDD": 0.7410827279090881,
    "ACD": 2.335000370955522,
    "SD": 0.5472433212680687,
    "KD": 0.9183733964589328,
    "ED": 2.6102783985148057,
    "DTW": 14.721797694566671
}